<?xml version="1.0" encoding="UTF-8"?>
<root>
  <item name="com.hendraanggrian.kota.annotation.InputHideFlags">
    <annotation name="android.support.annotation.IntDef">
      <val name="value" val="{android.view.inputmethod.InputMethodManager.HIDE_NOT_ALWAYS, android.view.inputmethod.InputMethodManager.HIDE_IMPLICIT_ONLY}" />
    </annotation>
  </item>
  <item name="com.hendraanggrian.kota.annotation.InputShowFlags">
    <annotation name="android.support.annotation.IntDef">
      <val name="value" val="{android.view.inputmethod.InputMethodManager.SHOW_IMPLICIT, android.view.inputmethod.InputMethodManager.SHOW_FORCED}" />
    </annotation>
  </item>
  <item name="com.hendraanggrian.kota.annotation.PermissionResult">
    <annotation name="android.support.annotation.IntDef">
      <val name="value" val="{android.content.pm.PackageManager.PERMISSION_GRANTED, android.content.pm.PackageManager.PERMISSION_DENIED}" />
    </annotation>
  </item>
  <item name="com.hendraanggrian.kota.annotation.PermissionString">
    <annotation name="android.support.annotation.StringDef">
      <val name="value" val="{android.Manifest.permission.ACCESS_CHECKIN_PROPERTIES, android.Manifest.permission.ACCESS_COARSE_LOCATION, android.Manifest.permission.ACCESS_FINE_LOCATION, android.Manifest.permission.ACCESS_LOCATION_EXTRA_COMMANDS, android.Manifest.permission.ACCESS_NETWORK_STATE, android.Manifest.permission.ACCESS_NOTIFICATION_POLICY, android.Manifest.permission.ACCESS_WIFI_STATE, android.Manifest.permission.ACCOUNT_MANAGER, android.Manifest.permission.ADD_VOICEMAIL, android.Manifest.permission.BATTERY_STATS, android.Manifest.permission.BIND_ACCESSIBILITY_SERVICE, android.Manifest.permission.BIND_APPWIDGET, android.Manifest.permission.BIND_CARRIER_MESSAGING_SERVICE, android.Manifest.permission.BIND_CARRIER_SERVICES, android.Manifest.permission.BIND_CHOOSER_TARGET_SERVICE, android.Manifest.permission.BIND_CONDITION_PROVIDER_SERVICE, android.Manifest.permission.BIND_DEVICE_ADMIN, android.Manifest.permission.BIND_DREAM_SERVICE, android.Manifest.permission.BIND_INCALL_SERVICE, android.Manifest.permission.BIND_INPUT_METHOD, android.Manifest.permission.BIND_MIDI_DEVICE_SERVICE, android.Manifest.permission.BIND_NFC_SERVICE, android.Manifest.permission.BIND_NOTIFICATION_LISTENER_SERVICE, android.Manifest.permission.BIND_PRINT_SERVICE, android.Manifest.permission.BIND_QUICK_SETTINGS_TILE, android.Manifest.permission.BIND_REMOTEVIEWS, android.Manifest.permission.BIND_SCREENING_SERVICE, android.Manifest.permission.BIND_TELECOM_CONNECTION_SERVICE, android.Manifest.permission.BIND_TEXT_SERVICE, android.Manifest.permission.BIND_TV_INPUT, android.Manifest.permission.BIND_VOICE_INTERACTION, android.Manifest.permission.BIND_VPN_SERVICE, android.Manifest.permission.BIND_VR_LISTENER_SERVICE, android.Manifest.permission.BIND_WALLPAPER, android.Manifest.permission.BLUETOOTH, android.Manifest.permission.BLUETOOTH_ADMIN, android.Manifest.permission.BLUETOOTH_PRIVILEGED, android.Manifest.permission.BODY_SENSORS, android.Manifest.permission.BROADCAST_PACKAGE_REMOVED, android.Manifest.permission.BROADCAST_SMS, android.Manifest.permission.BROADCAST_STICKY, android.Manifest.permission.BROADCAST_WAP_PUSH, android.Manifest.permission.CALL_PHONE, android.Manifest.permission.CALL_PRIVILEGED, android.Manifest.permission.CAMERA, android.Manifest.permission.CAPTURE_AUDIO_OUTPUT, android.Manifest.permission.CAPTURE_SECURE_VIDEO_OUTPUT, android.Manifest.permission.CAPTURE_VIDEO_OUTPUT, android.Manifest.permission.CHANGE_COMPONENT_ENABLED_STATE, android.Manifest.permission.CHANGE_CONFIGURATION, android.Manifest.permission.CHANGE_NETWORK_STATE, android.Manifest.permission.CHANGE_WIFI_MULTICAST_STATE, android.Manifest.permission.CHANGE_WIFI_STATE, android.Manifest.permission.CLEAR_APP_CACHE, android.Manifest.permission.CONTROL_LOCATION_UPDATES, android.Manifest.permission.DELETE_CACHE_FILES, android.Manifest.permission.DELETE_PACKAGES, android.Manifest.permission.DIAGNOSTIC, android.Manifest.permission.DISABLE_KEYGUARD, android.Manifest.permission.DUMP, android.Manifest.permission.EXPAND_STATUS_BAR, android.Manifest.permission.FACTORY_TEST, android.Manifest.permission.GET_ACCOUNTS, android.Manifest.permission.GET_ACCOUNTS_PRIVILEGED, android.Manifest.permission.GET_PACKAGE_SIZE, android.Manifest.permission.GET_TASKS, android.Manifest.permission.GLOBAL_SEARCH, android.Manifest.permission.INSTALL_LOCATION_PROVIDER, android.Manifest.permission.INSTALL_PACKAGES, android.Manifest.permission.INSTALL_SHORTCUT, android.Manifest.permission.INTERNET, android.Manifest.permission.KILL_BACKGROUND_PROCESSES, android.Manifest.permission.LOCATION_HARDWARE, android.Manifest.permission.MANAGE_DOCUMENTS, android.Manifest.permission.MASTER_CLEAR, android.Manifest.permission.MEDIA_CONTENT_CONTROL, android.Manifest.permission.MODIFY_AUDIO_SETTINGS, android.Manifest.permission.MODIFY_PHONE_STATE, android.Manifest.permission.MOUNT_FORMAT_FILESYSTEMS, android.Manifest.permission.MOUNT_UNMOUNT_FILESYSTEMS, android.Manifest.permission.NFC, android.Manifest.permission.PACKAGE_USAGE_STATS, android.Manifest.permission.PERSISTENT_ACTIVITY, android.Manifest.permission.PROCESS_OUTGOING_CALLS, android.Manifest.permission.READ_CALENDAR, android.Manifest.permission.READ_CALL_LOG, android.Manifest.permission.READ_CONTACTS, android.Manifest.permission.READ_EXTERNAL_STORAGE, android.Manifest.permission.READ_FRAME_BUFFER, android.Manifest.permission.READ_INPUT_STATE, android.Manifest.permission.READ_LOGS, android.Manifest.permission.READ_PHONE_STATE, android.Manifest.permission.READ_SMS, android.Manifest.permission.READ_SYNC_SETTINGS, android.Manifest.permission.READ_SYNC_STATS, android.Manifest.permission.READ_VOICEMAIL, android.Manifest.permission.REBOOT, android.Manifest.permission.RECEIVE_BOOT_COMPLETED, android.Manifest.permission.RECEIVE_MMS, android.Manifest.permission.RECEIVE_SMS, android.Manifest.permission.RECEIVE_WAP_PUSH, android.Manifest.permission.RECORD_AUDIO, android.Manifest.permission.REORDER_TASKS, android.Manifest.permission.REQUEST_IGNORE_BATTERY_OPTIMIZATIONS, android.Manifest.permission.REQUEST_INSTALL_PACKAGES, android.Manifest.permission.RESTART_PACKAGES, android.Manifest.permission.SEND_RESPOND_VIA_MESSAGE, android.Manifest.permission.SEND_SMS, android.Manifest.permission.SET_ALARM, android.Manifest.permission.SET_ALWAYS_FINISH, android.Manifest.permission.SET_ANIMATION_SCALE, android.Manifest.permission.SET_DEBUG_APP, android.Manifest.permission.SET_PREFERRED_APPLICATIONS, android.Manifest.permission.SET_PROCESS_LIMIT, android.Manifest.permission.SET_TIME, android.Manifest.permission.SET_TIME_ZONE, android.Manifest.permission.SET_WALLPAPER, android.Manifest.permission.SET_WALLPAPER_HINTS, android.Manifest.permission.SIGNAL_PERSISTENT_PROCESSES, android.Manifest.permission.STATUS_BAR, android.Manifest.permission.SYSTEM_ALERT_WINDOW, android.Manifest.permission.TRANSMIT_IR, android.Manifest.permission.UNINSTALL_SHORTCUT, android.Manifest.permission.UPDATE_DEVICE_STATS, android.Manifest.permission.USE_FINGERPRINT, android.Manifest.permission.USE_SIP, android.Manifest.permission.VIBRATE, android.Manifest.permission.WAKE_LOCK, android.Manifest.permission.WRITE_APN_SETTINGS, android.Manifest.permission.WRITE_CALENDAR, android.Manifest.permission.WRITE_CALL_LOG, android.Manifest.permission.WRITE_CONTACTS, android.Manifest.permission.WRITE_EXTERNAL_STORAGE, android.Manifest.permission.WRITE_GSERVICES, android.Manifest.permission.WRITE_SECURE_SETTINGS, android.Manifest.permission.WRITE_SETTINGS, android.Manifest.permission.WRITE_SYNC_SETTINGS, android.Manifest.permission.WRITE_VOICEMAIL}" />
    </annotation>
  </item>
  <item name="com.hendraanggrian.kota.annotation.ScreenLayoutSize">
    <annotation name="android.support.annotation.IntDef">
      <val name="value" val="{android.content.res.Configuration.SCREENLAYOUT_SIZE_UNDEFINED, android.content.res.Configuration.SCREENLAYOUT_SIZE_SMALL, android.content.res.Configuration.SCREENLAYOUT_SIZE_NORMAL, android.content.res.Configuration.SCREENLAYOUT_SIZE_LARGE, android.content.res.Configuration.SCREENLAYOUT_SIZE_XLARGE}" />
    </annotation>
  </item>
  <item name="com.hendraanggrian.kota.annotation.SpanFlags">
    <annotation name="android.support.annotation.IntDef">
      <val name="value" val="{android.text.Spanned.SPAN_PARAGRAPH, android.text.Spanned.SPAN_INCLUSIVE_EXCLUSIVE, android.text.Spanned.SPAN_INCLUSIVE_INCLUSIVE, android.text.Spanned.SPAN_EXCLUSIVE_EXCLUSIVE, android.text.Spanned.SPAN_EXCLUSIVE_INCLUSIVE, android.text.Spanned.SPAN_COMPOSING, android.text.Spanned.SPAN_INTERMEDIATE, android.text.Spanned.SPAN_USER, android.text.Spanned.SPAN_PRIORITY}" />
    </annotation>
  </item>
  <item name="com.hendraanggrian.kota.annotation.UiModeNight">
    <annotation name="android.support.annotation.IntDef">
      <val name="value" val="{android.content.res.Configuration.UI_MODE_NIGHT_UNDEFINED, android.content.res.Configuration.UI_MODE_NIGHT_NO, android.content.res.Configuration.UI_MODE_NIGHT_YES}" />
    </annotation>
  </item>
  <item name="com.hendraanggrian.kota.annotation.UiModeType">
    <annotation name="android.support.annotation.IntDef">
      <val name="value" val="{android.content.res.Configuration.UI_MODE_TYPE_UNDEFINED, android.content.res.Configuration.UI_MODE_TYPE_NORMAL, android.content.res.Configuration.UI_MODE_TYPE_DESK, android.content.res.Configuration.UI_MODE_TYPE_CAR, android.content.res.Configuration.UI_MODE_TYPE_TELEVISION, android.content.res.Configuration.UI_MODE_TYPE_APPLIANCE, android.content.res.Configuration.UI_MODE_TYPE_WATCH}" />
    </annotation>
  </item>
  <item name="com.hendraanggrian.kota.annotation.Visibility">
    <annotation name="android.support.annotation.IntDef">
      <val name="value" val="{android.view.View.VISIBLE, android.view.View.INVISIBLE, android.view.View.GONE}" />
    </annotation>
  </item>
</root>

